Image,Title,Price
https://i.ebayimg.com/thumbs/images/g/pkMAAOSwKjtkmlD~/s-l300.webp,HERMES Candy Birkin 35 Rose Jaipur/Gold hand bag 800000110068000,"$16,676.30"
https://i.ebayimg.com/thumbs/images/g/dU4AAOSwJj9cpgGu/s-l300.webp,57654 auth HERMES black Taurllon Clemence leather JPG I SHOULDER BIRKIN Bag,"$10,630.40"
https://i.ebayimg.com/thumbs/images/g/dU4AAOSwJj9cpgGu/s-l300.webp,57654 auth HERMES black Taurllon Clemence leather JPG I SHOULDER BIRKIN Bag,"$10,630.40"
https://i.ebayimg.com/thumbs/images/g/pkMAAOSwKjtkmlD~/s-l300.webp,HERMES Candy Birkin 35 Rose Jaipur/Gold hand bag 800000110068000,"$16,676.30"
https://i.ebayimg.com/thumbs/images/g/pkMAAOSwKjtkmlD~/s-l300.webp,HERMES Candy Birkin 35 Rose Jaipur/Gold hand bag 800000110068000,"$16,676.30"
https://i.ebayimg.com/thumbs/images/g/pkMAAOSwKjtkmlD~/s-l300.webp,HERMES Candy Birkin 35 Rose Jaipur/Gold hand bag 800000110068000,"$16,676.30"
https://i.ebayimg.com/thumbs/images/g/4SYAAOSwzf1kfIgx/s-l300.webp,Hermes Birkin 25 Sellier Noir (PRICE INCREASE JUNE 2023),"$21,640.00"
https://i.ebayimg.com/thumbs/images/g/stAAAOSwhElk3AgN/s-l300.webp,Hermes Candy Birkin Bag Epsom 35 Yellow,"$17,770.50"
https://i.ebayimg.com/thumbs/images/g/-V4AAOSwJo9k0vzH/s-l300.webp,EXTREMELY RARE ￼!!! Hermes Birkin 30 Wg Diamond gris cendre himalayan,"$22,500.00"
https://i.ebayimg.com/thumbs/images/g/-V4AAOSwJo9k0vzH/s-l300.webp,EXTREMELY RARE ￼!!! Hermes Birkin 30 Wg Diamond gris cendre himalayan,"$22,500.00"
https://i.ebayimg.com/thumbs/images/g/950AAOSwMaRk9vOG/s-l300.webp,Hermes Birkin 30 togo Etoupe,"$5,000.00"
https://i.ebayimg.com/thumbs/images/g/0acAAOSwrtBlAZsZ/s-l300.webp,HERMES GHW Kelly To Go Crossbody Shoulder Bag Epsom Leather Etoupe Brown,$713.00
https://i.ebayimg.com/thumbs/images/g/wW4AAOSwYG9k5klK/s-l300.webp,HERMES BIRKIN 25 TOGO BLACK GHW BACK GOOD PRICE,"$25,337.00"
